<?xml version="1.0" encoding="UTF-8"?>
<project version="4">
  <component name="ChangeListManager">
    <list default="true" id="ab2d2c81-0390-499f-a22a-799bcd4b9549" name="Default Changelist" comment="" />
    <option name="SHOW_DIALOG" value="false" />
    <option name="HIGHLIGHT_CONFLICTS" value="true" />
    <option name="HIGHLIGHT_NON_ACTIVE_CHANGELIST" value="false" />
    <option name="LAST_RESOLUTION" value="IGNORE" />
  </component>
  <component name="FileTemplateManagerImpl">
    <option name="RECENT_TEMPLATES">
      <list>
        <option value="Python Script" />
      </list>
    </option>
  </component>
  <component name="FindInProjectRecents">
    <findStrings>
      <find>shape</find>
      <find>normalize_pixel</find>
      <find>normalize</find>
      <find>enhanced</find>
      <find>calculate_angles</find>
      <find>np.arctan2</find>
      <find>arctan</find>
      <find>math.atan2</find>
      <find>gauss</find>
      <find>gauss_kernel</find>
      <find>img</find>
      <find>get_hough_image(</find>
      <find>cv.line</find>
      <find>usage</find>
      <find>frequency</find>
      <find>gabor</find>
      <find>get_angle</find>
      <find>W</find>
      <find>ori</find>
      <find>;</find>
      <find>sample</find>
      <find>ouput</find>
      <find>16</find>
      <find>print</find>
      <find>Some implementations of fingerprint recognition algorithm</find>
      <find>collage</find>
      <find>minutea</find>
      <find>we</find>
      <find>/style</find>
      <find>head&gt;</find>
    </findStrings>
    <replaceStrings>
      <replace>thining_image</replace>
      <replace>w</replace>
      <replace />
      <replace>block_size</replace>
    </replaceStrings>
    <dirStrings>
      <dir>$PROJECT_DIR$</dir>
    </dirStrings>
  </component>
  <component name="Git.Settings">
    <option name="RECENT_GIT_ROOT_PATH" value="$PROJECT_DIR$" />
  </component>
  <component name="MarkdownSettingsMigration">
    <option name="stateVersion" value="1" />
  </component>
  <component name="ProjectId" id="1PcSOAPHxn911tUu30t1T33lW3n" />
  <component name="ProjectLevelVcsManager" settingsEditedManually="true" />
  <component name="ProjectViewState">
    <option name="hideEmptyMiddlePackages" value="true" />
    <option name="showLibraryContents" value="true" />
  </component>
  <component name="PropertiesComponent">
    <property name="RunOnceActivity.OpenProjectViewOnStart" value="true" />
    <property name="RunOnceActivity.ShowReadmeOnStart" value="true" />
    <property name="SHARE_PROJECT_CONFIGURATION_FILES" value="true" />
    <property name="last_opened_file_path" value="$PROJECT_DIR$" />
    <property name="settings.editor.selected.configurable" value="com.jetbrains.python.configuration.PyActiveSdkModuleConfigurable" />
  </component>
  <component name="RecentsManager">
    <key name="MoveFile.RECENT_KEYS">
      <recent name="$PROJECT_DIR$" />
    </key>
    <key name="CopyFile.RECENT_KEYS">
      <recent name="$PROJECT_DIR$" />
      <recent name="$PROJECT_DIR$/utils" />
    </key>
  </component>
  <component name="RunManager" selected="Python.finegerprint_pipline">
    <configuration name="finegerprint_pipline" type="PythonConfigurationType" factoryName="Python" temporary="true">
      <module name="biometric" />
      <option name="INTERPRETER_OPTIONS" value="" />
      <option name="PARENT_ENVS" value="true" />
      <envs>
        <env name="PYTHONUNBUFFERED" value="1" />
      </envs>
      <option name="SDK_HOME" value="D:\python-fingerprint-recognition-master\python-fingerprint-recognition-master\venv\Scripts\python.exe" />
      <option name="WORKING_DIRECTORY" value="$PROJECT_DIR$" />
      <option name="IS_MODULE_SDK" value="false" />
      <option name="ADD_CONTENT_ROOTS" value="true" />
      <option name="ADD_SOURCE_ROOTS" value="true" />
      <option name="SCRIPT_NAME" value="$PROJECT_DIR$/finegerprint_pipline.py" />
      <option name="PARAMETERS" value="" />
      <option name="SHOW_COMMAND_LINE" value="false" />
      <option name="EMULATE_TERMINAL" value="false" />
      <option name="MODULE_MODE" value="false" />
      <option name="REDIRECT_INPUT" value="false" />
      <option name="INPUT_FILE" value="" />
      <method v="2" />
    </configuration>
    <configuration name="normalization" type="PythonConfigurationType" factoryName="Python" temporary="true">
      <module name="biometric" />
      <option name="INTERPRETER_OPTIONS" value="" />
      <option name="PARENT_ENVS" value="true" />
      <envs>
        <env name="PYTHONUNBUFFERED" value="1" />
      </envs>
      <option name="SDK_HOME" value="" />
      <option name="WORKING_DIRECTORY" value="$PROJECT_DIR$/utils" />
      <option name="IS_MODULE_SDK" value="true" />
      <option name="ADD_CONTENT_ROOTS" value="true" />
      <option name="ADD_SOURCE_ROOTS" value="true" />
      <option name="SCRIPT_NAME" value="$PROJECT_DIR$/utils/normalization.py" />
      <option name="PARAMETERS" value="" />
      <option name="SHOW_COMMAND_LINE" value="false" />
      <option name="EMULATE_TERMINAL" value="false" />
      <option name="MODULE_MODE" value="false" />
      <option name="REDIRECT_INPUT" value="false" />
      <option name="INPUT_FILE" value="" />
      <method v="2" />
    </configuration>
    <configuration name="segmentation" type="PythonConfigurationType" factoryName="Python" temporary="true">
      <module name="biometric" />
      <option name="INTERPRETER_OPTIONS" value="" />
      <option name="PARENT_ENVS" value="true" />
      <envs>
        <env name="PYTHONUNBUFFERED" value="1" />
      </envs>
      <option name="SDK_HOME" value="" />
      <option name="WORKING_DIRECTORY" value="$PROJECT_DIR$/utils" />
      <option name="IS_MODULE_SDK" value="true" />
      <option name="ADD_CONTENT_ROOTS" value="true" />
      <option name="ADD_SOURCE_ROOTS" value="true" />
      <option name="SCRIPT_NAME" value="$PROJECT_DIR$/utils/segmentation.py" />
      <option name="PARAMETERS" value="" />
      <option name="SHOW_COMMAND_LINE" value="false" />
      <option name="EMULATE_TERMINAL" value="false" />
      <option name="MODULE_MODE" value="false" />
      <option name="REDIRECT_INPUT" value="false" />
      <option name="INPUT_FILE" value="" />
      <method v="2" />
    </configuration>
    <configuration name="thining2" type="PythonConfigurationType" factoryName="Python" temporary="true">
      <module name="biometric" />
      <option name="INTERPRETER_OPTIONS" value="" />
      <option name="PARENT_ENVS" value="true" />
      <envs>
        <env name="PYTHONUNBUFFERED" value="1" />
      </envs>
      <option name="SDK_HOME" value="" />
      <option name="WORKING_DIRECTORY" value="$PROJECT_DIR$/utils" />
      <option name="IS_MODULE_SDK" value="true" />
      <option name="ADD_CONTENT_ROOTS" value="true" />
      <option name="ADD_SOURCE_ROOTS" value="true" />
      <option name="SCRIPT_NAME" value="$PROJECT_DIR$/utils/skeletonize.py" />
      <option name="PARAMETERS" value="" />
      <option name="SHOW_COMMAND_LINE" value="false" />
      <option name="EMULATE_TERMINAL" value="false" />
      <option name="MODULE_MODE" value="false" />
      <option name="REDIRECT_INPUT" value="false" />
      <option name="INPUT_FILE" value="" />
      <method v="2" />
    </configuration>
    <recent_temporary>
      <list>
        <item itemvalue="Python.finegerprint_pipline" />
        <item itemvalue="Python.normalization" />
        <item itemvalue="Python.thining2" />
        <item itemvalue="Python.segmentation" />
      </list>
    </recent_temporary>
  </component>
  <component name="SpellCheckerSettings" RuntimeDictionaries="0" Folders="0" CustomDictionaries="0" DefaultDictionary="application-level" UseSingleDictionary="true" transferred="true" />
  <component name="SvnConfiguration">
    <configuration />
  </component>
  <component name="TaskManager">
    <task active="true" id="Default" summary="Default task">
      <created>1639805317262</created>
      <option name="number" value="Default" />
      <option name="presentableId" value="Default" />
      <updated>1639805317262</updated>
    </task>
    <servers />
  </component>
  <component name="Vcs.Log.Tabs.Properties">
    <option name="TAB_STATES">
      <map>
        <entry key="MAIN">
          <value>
            <State />
          </value>
        </entry>
      </map>
    </option>
  </component>
  <component name="XDebuggerManager">
    <breakpoint-manager>
      <default-breakpoints>
        <breakpoint type="python-exception">
          <properties notifyOnTerminate="true" exception="BaseException">
            <option name="notifyOnTerminate" value="true" />
          </properties>
        </breakpoint>
      </default-breakpoints>
    </breakpoint-manager>
    <watches-manager>
      <configuration name="PythonConfigurationType">
        <watch expression="Gx.min" />
        <watch expression="Gx" />
        <watch expression="result.max" />
      </configuration>
    </watches-manager>
  </component>
</project>